file,theta,degrees,destination,rho1,rho2,stimulus,stimpos
GOPR0243,2.8882257610535,165.483146389326,2.37142148559096,0.281854637474492,0.564549332895616,0.0197327302273702,1
GOPR0243,0.562001462944986,32.2003119069256,0.706358326064999,0.265649761923116,0.568335800519927,1.74638363308759,2
GOPR0243,5.05809121210292,289.807278845708,5.13152472233513,0.276304372106391,0.610912436396853,3.20487609455105,3
GOPR0243,5.30104359441278,303.727424974712,5.31537055611907,0.356517104203313,0.669758360532796,4.75552107447993,4
GOPR0244,4.53544008221957,259.861574945649,4.47115373366821,0.296788726717451,0.527449290862375,0.159783202410607,1
GOPR0244,5.03695453768268,288.596236608486,5.06273826426865,0.25561372812689,0.575331872891126,1.76387987887368,2
GOPR0244,4.6014873202032,263.645802930606,4.60836006422437,0.278934788690671,0.644140609156803,3.25249431377129,3
GOPR0244,6.06125183550944,347.284148740614,6.03128805413008,0.414426888941771,0.670340684508193,4.76052133296565,4
GOPR0245,1.73111441280463,99.1855497079728,1.89137414266645,0.278479509416457,0.690112698717464,0.043487055508513,1
GOPR0245,1.24175662263016,71.1474136591275,1.10404541478,0.408214172025137,0.660325507184206,1.65124927913244,2
GOPR0245,5.63478161625596,322.849205089371,5.5566510034152,0.469149019842646,0.709320278645359,3.2719278160567,3
GOPR0245,3.57966057765268,205.099443188861,3.51762019172103,0.282009053760525,0.554183310287162,4.72465830333849,4
GOPR0246,5.30211261580642,303.788675388777,5.42321684208404,0.380644657995658,0.623008393452353,6.27677769723373,1
GOPR0246,5.88370494006368,337.111460965922,5.76734892090687,0.424382972162863,0.623687464361108,1.59348717712869,2
GOPR0246,1.99283192160458,114.180858386888,1.94229893908493,0.307409632935529,0.508507082054036,3.19238925451767,3
GOPR0247,1.98975682495036,114.004668327006,2.00887749000498,0.28712545549922,0.500701166049271,4.86232598861961,4
GOPR0248,3.41577326553471,195.709391888758,2.94825303603505,0.262336119883965,0.594645172083107,0.0321487031164973,1
GOPR0248,3.94763949200891,226.183081931279,3.75790410187195,0.360935451412141,0.619195091281795,1.57287101261487,2
GOPR0248,2.32135221471743,133.003684666655,2.12150232270561,0.256500521853511,0.676682911443833,3.18358476081116,3
GOPR0248,4.90086475461314,280.798866403751,4.82570861643962,0.403467657288858,0.635040832296869,4.87716477014054,4
GOPR0249,5.79621333332688,332.098561157085,5.64377422846137,0.320277928027772,0.546166910626867,0.020077623013524,1
GOPR0250,5.61602624468175,321.77460145497,5.51747328366273,0.28307248558291,0.618676346735396,1.65157889174713,2
GOPR0251,2.55513527629883,146.398467416916,2.93975080240015,0.273614949692804,0.542792874199859,3.16766994849581,3
GOPR0251,1.22178367659818,70.0030481470526,1.51653598223572,0.477177672258211,0.656599839778565,4.78036830770587,4
GOPR0253,5.67976652299298,325.426650387192,5.66006722882298,0.292759008486805,0.556268988468419,1.81191400524636,2
GOPR0253,2.92802314520504,167.76336853687,3.04238220360347,0.352944197857502,0.626814899449716,3.15190156673604,3
GOPR0254,4.18103914767535,239.555897140772,4.17681349900308,0.307587597208797,0.512977210144165,4.80230976941994,4
GOPR0255,0.0980348012473201,5.6169803568753,0.184440565864219,0.270422929159335,0.52554747776808,6.27719735479567,1
GOPR0255,1.34931541130118,77.3100782995165,1.54696750909041,0.302656662166792,0.653574896846907,1.64310464912418,2
GOPR0255,0.471632724821877,27.0225646125485,0.642709099246098,0.345276121195483,0.555696014951863,3.3402232889747,3
GOPR0255,1.91874730405383,109.93612247439,1.90781778483435,0.251976037317975,0.619656965629696,4.71659063633156,4
GOPR0256,5.66538723132646,324.602777662313,5.64355413064426,0.421252331001101,0.600726887851355,0.11495486492527,1
GOPR0256,0.838852364470822,48.062700118748,0.69190788247475,0.426505826029478,0.606797761580618,1.58490829315802,2
GOPR0256,1.40414060623084,80.4513305799677,0.916988549900974,0.329103232376475,0.500727197773822,3.15992054003209,3
GOPR0256,3.19631025222982,183.135087467164,3.42921067738308,0.455346373741987,0.623601262001059,4.77211168701472,4
GOPR0257,1.9374808738909,111.009476961267,2.07806076888069,0.454954742424515,0.591543001254865,1.63741102972008,2
GOPR0257,3.84155213240157,220.104723966091,3.90000292171441,0.250183952142282,0.537434840884656,3.22181841654625,3
GOPR0258,2.01818520599057,115.633494579,1.9808983425122,0.35383625018963,0.577950797850623,6.25865035411685,1
GOPR0258,0.726479714970263,41.6242215696631,0.18939085588102,0.395188202444329,0.551252388460554,1.81381324648441,2
GOPR0258,4.430532021695,253.850785840687,4.53747135805741,0.269844847163818,0.719618731835647,3.15179638108375,3
GOPR0258,0.913318311145043,52.3292845806271,0.732257190952952,0.360490799242278,0.616121171496749,5.03281151431371,4
GOPR0260,4.6800905552773,268.149436556427,4.63810578452416,0.261880161859589,0.351674046770488,0,1
GOPR0261,2.68414529874297,153.790197217854,2.90428645028864,0.279493859658745,0.51763448669963,0.0939246443133679,1
GOPR0261,1.23916007302312,70.9986423253479,0.758829409131682,0.273566513128414,0.502684088184127,1.65902702427265,2
GOPR0261,0.13666187852624,7.8301488598831,0.0610565125652958,0.283188189474027,0.505153215445489,3.19123871572913,3
GOPR0261,5.25336074442013,300.995398914978,5.36775404329998,0.273994134968542,0.51447388331747,4.68922750451349,4
GOPR0262,1.02770472109018,58.8831431041367,0.93002587396692,0.268962731054432,0.52525733024286,0.012169784563413,1
GOPR0262,5.79793506132859,332.197208905052,0.00337960901680501,0.277415137987005,0.516107819495796,1.59503400365963,2
GOPR0262,3.23069487083113,185.105180993186,2.95888765512254,0.262810186490802,0.503585108154863,3.15383693961413,3
GOPR0262,4.76142126669355,272.809343065375,4.87000786146938,0.256832115512129,0.501055844125813,4.78046543864269,4
GOPR0263,0.0567565242131804,3.2519092972473,0.0450963621390037,0.35121743385137,0.665851975695531,0.112536418391598,1
GOPR0263,4.99739166744554,286.329451118474,4.89387349812979,0.257702801560014,0.533705228554532,1.52917090006076,2
GOPR0263,5.78934974833388,331.705306704656,6.05379817053553,0.393622356922415,0.508346281734941,3.13329408890512,3
GOPR0263,4.54858024878638,260.614451032026,4.64160170806818,0.252304781129652,0.510524490016265,4.66607556654167,4
GOPR0264,1.58563580134708,90.850239262032,1.48224657785825,0.282908838189128,0.63870970626819,6.25144993365113,1
GOPR0264,2.08484612260861,119.452883759687,2.15123177556826,0.267806353360914,0.549821293505279,1.60721502607096,2
GOPR0264,6.09911134545232,349.453338874775,6.20166748911331,0.361300825681954,0.525005821566491,3.13109723729731,3
GOPR0264,6.04982877634045,346.629655661103,6.20863665023907,0.339565640128587,0.562528399464149,4.73570408254719,4
GOPR0265,5.91384992216925,338.838641214068,5.79989683933391,0.340455446173087,0.610560492308365,0.00631441976639135,1
GOPR0265,4.65289263064979,266.591110263756,5.01883898975613,0.299578378041622,0.509452623003938,6.26090587819089,1
GOPR0265,4.9599565192034,284.184575118753,4.88969728401141,0.352646999879982,0.629058472183763,1.59140144936223,2
GOPR0265,3.8401813303878,220.026182796154,3.91120184802058,0.359718609256795,0.636493587208529,1.66312182830976,2
GOPR0265,6.07150805540885,347.871786854609,6.01751458179647,0.304931177299986,0.538948039108098,3.12295109270348,3
GOPR0265,1.94864292542048,111.64901540462,2.2893738201628,0.341271362309281,0.538443674360993,4.72063550239661,4
GOPR0266,0.194496807806025,11.1438462160523,0.0347039075178079,0.29271257575365,0.538120034290053,6.25933524478262,1
GOPR0266,4.91424087568435,281.565261687387,4.96176454917148,0.257227847276445,0.5814028635401,1.5229310936328,2
GOPR0266,6.13455279008061,351.483984071823,6.12632056741507,0.423644320099464,0.585215646873045,3.13955641124016,3
GOPR0266,0.505817682156063,28.9812183906321,0.34058952695692,0.308984219463849,0.502083278224226,4.67498645156076,4
GOPR0267,1.10592845538495,63.3650329369799,1.05876345102253,0.263442128075278,0.535247010423613,6.20645562894747,1
GOPR0267,2.14164035641701,122.706953657588,2.2114551634784,0.27686915367024,0.535069710994668,1.68351812886774,2
GOPR0267,1.77740623848577,101.837875945458,1.75287899990549,0.324439033991349,0.642003513684478,3.19393565060615,3
GOPR0267,5.94370778509565,340.549370745031,6.20862245841495,0.29095687340435,0.500211546911804,4.76313697395623,4
GOPR0268,0.828569219597615,47.4735193173916,0.707215366788784,0.333552731285425,0.600796155417839,0.0100763817265532,1
GOPR0268,3.01036063799919,172.480959369663,2.90321556324121,0.294001884999505,0.526749549518583,1.7020283423855,2
GOPR0268,6.12710824855867,351.057443262206,0.0193753860618155,0.319436412305401,0.591320861371755,3.15002995337252,3
GOPR0268,5.83229281749844,334.165763327124,5.78935772465552,0.28416657797514,0.589099533456925,4.74496129384153,4
GOPR0270,4.38608024849781,251.303886844616,4.37116057348244,0.289026220680604,0.526810487474462,6.27696223125141,1
GOPR0270,5.88431780642568,337.14657562187,5.92321866566271,0.265949249162806,0.563592663423943,1.61165185576896,2
GOPR0270,2.44507103666081,140.092251010341,2.50706156108373,0.286777583694235,0.532361082836271,3.26413347363339,3
GOPR0270,0.425218232059026,24.3632100689966,0.463624866247889,0.385195707374591,0.508692484058311,4.76517231004404,4
GOPR0271,5.88221258639566,337.025955399203,0.0408353448288654,0.265828461120629,0.562388391279056,0.0181191897637052,1
GOPR0271,1.96687695494953,112.693748340151,1.84747614130028,0.302446483293492,0.500603143458779,1.7602328060633,2
GOPR0271,2.14092417272432,122.665919354641,1.75047988625711,0.329623367261185,0.546797272241781,3.20074787411524,3
GOPR0273,4.32519830203416,247.815608263707,4.30180987312282,0.266817239949213,0.561542325542055,0,1
GOPR0273,4.51774454415434,258.847695298298,4.58523107077709,0.258600201799738,0.506404702293423,1.66409989911438,2
GOPR0273,3.17463847060872,181.893385845746,3.24579929519111,0.270541672598286,0.384258278755815,3.14159265358979,3
GOPR0274,3.82621163987563,219.225778488703,3.71799677368142,0.255773188353911,0.535473065086626,0.0417954276782744,1
GOPR0274,0.792816212056098,45.4250228803633,0.460182038074868,0.271046170349627,0.506960245294522,1.64412409252411,2
GOPR0274,0.0853831291198179,4.89209294018613,0.142742391296256,0.269660192534899,0.521325059590167,3.4307485636464,3
GOPR0274,5.36654763785223,307.480530204834,5.43049926669695,0.277897814110286,0.588744963409161,4.73301963741368,4
GOPR0276,0.18714328963634,10.7225206603566,0.409285930742723,0.377230527449764,0.585777071805411,0.0771472084799865,1
GOPR0276,6.24353316418344,357.728099557671,6.14926155299533,0.458607400934029,0.641021859978427,1.59990033780762,2
GOPR0276,2.16498730741577,124.044635414315,2.23613133097534,0.231369431465003,0.584227483918278,3.22677641643165,3
GOPR0276,2.3576789789689,135.085054941631,2.15773189685233,0.370485793443811,0.605386429980475,4.79234452242096,4
GOPR0277,3.68634558248226,211.212043702929,3.59648262291549,0.375060605988756,0.607360649023455,0,1
GOPR0277,0.766581331734909,43.9218749619284,0.710129695326327,0.410988096647439,0.61706850818231,1.65352038831472,2
GOPR0277,3.52018672706443,201.691842558762,3.49005487512115,0.300741097138822,0.530236779432463,3.16060296824177,3
GOPR0277,2.17366533347848,124.541849682214,2.24621229372709,0.355505670501762,0.529492078726627,4.79521266440048,4
GOPR0278,4.24142165747474,243.015560108685,4.40941575107067,0.365162491827467,0.589998374399942,0.00399048142226976,1
GOPR0278,5.31138347287946,304.319856371531,5.14744079948639,0.229688700786182,0.582022431171705,1.64110422967757,2
GOPR0278,0.507913855111532,29.10132025411,0.300069183040294,0.234258044936725,0.592462352480772,3.14368033322904,3
GOPR0278,6.25450410842121,358.356688359769,6.04905751723006,0.225577937285065,0.541704938154122,4.73471298569958,4
GOPR0279,3.06898633144496,175.839964175134,3.33478541048751,0.274980100285846,0.523575820898479,6.25694750254402,1
GOPR0279,4.65945148979479,266.966905211185,4.45217936850855,0.483563914297463,0.645126060699112,1.56273442345805,2
GOPR0279,5.09247835777277,291.777517162092,4.75278991414108,0.258099467326775,0.635755697140672,3.31398782808554,3
GOPR0279,5.80838610937152,332.796009849401,5.84324946340968,0.283212485964397,0.583593937041606,4.79886946002029,4
GOPR0280,3.44356373966409,197.301668767039,3.27626565186365,0.492348565528432,0.639132569708162,0.0371690196116774,1
GOPR0280,0.503856452868183,28.8688482297792,0.4837874922115,0.330116570241139,0.670361856443746,1.58091318086365,2
GOPR0280,1.54729734705384,88.6536076379738,1.61634851765575,0.274593458588407,0.506401716551137,3.10163480996104,3
GOPR0280,4.11381594971878,235.704291612489,4.31117902242164,0.348454641611497,0.522646554045985,4.76844858623037,4
GOPR0281,5.82337075432379,333.654566762668,5.78081602129538,0.308087466192064,0.582638465984814,6.27921056783916,1
GOPR0281,6.2374146240938,357.377533033754,0.184292008468703,0.295094107886888,0.577116385080341,1.58939978247636,2
GOPR0281,5.68224492864039,325.56865257071,5.40323210200413,0.289110560946874,0.600230414644609,3.14370703885206,3
GOPR0281,6.01672992677502,344.733231274265,5.82294812199158,0.30378581356511,0.571636173509235,4.73727865369393,4
GOPR0282,5.88514879513131,337.194187767526,5.71344574726805,0.342117690298654,0.588625736957282,6.27713845674922,1
GOPR0282,4.75341132782594,272.350407374103,5.07647519458103,0.207347640535274,0.548214580974611,1.65282939159588,2
GOPR0282,3.61438887105693,207.089227830616,3.61502520765083,0.283539845844144,0.694943107697153,3.17314467908609,3
GOPR0282,1.58959382324968,91.0770172122711,1.40798813131135,0.314620271333421,0.55618817811491,4.69359148392991,4
GOPR0283,6.16476340482696,353.214924793284,0.0791653305216322,0.320154071988883,0.593410846362224,0.024737220989133,1
GOPR0283,4.16956591372289,238.89852925793,4.20768206389119,0.420701825935546,0.559736079536969,1.71882827375694,2
GOPR0283,1.65416837412731,94.7768664415123,1.54614636781387,0.355455996505651,0.556577116211827,3.19144735789776,3
GOPR0283,0.137436687886227,7.87454216613759,0.338890549167951,0.356901120291419,0.509224737425054,4.78513487916063,4
GOPR0284,3.47093781730342,198.870087883836,3.72709185029061,0.264748741585866,0.559578197176724,0.022644567766325,1
GOPR0284,3.5927803765483,205.85115229364,3.6853787978813,0.437023194624268,0.57516692569445,1.60960882424448,2
GOPR0284,4.06784815057964,233.070530728311,4.01359128074647,0.462764373734317,0.715921426737816,3.12289841595463,3
GOPR0284,3.06200864775267,175.440172348788,3.20753646253206,0.43647952074509,0.690905194919179,4.83168459192304,4
GOPR0285,6.05877202693243,347.142066175151,6.13887294164245,0.271138849548969,0.552643915227866,6.24883972081248,1
GOPR0285,0.536609529909493,30.745461310313,0.712946934384395,0.402638854314482,0.668786860820195,1.4711477127776,2
GOPR0285,0.719239726625176,41.2094007937657,0.764665729569684,0.296125726416799,0.534869835831059,3.13320710591052,3
GOPR0285,2.64326958071792,151.448191090452,2.62761035323946,0.280788738095669,0.675666511778103,4.73077747851678,4
GOPR0286,5.88662388292042,337.278704072253,6.01967632854414,0.299514201544689,0.518290477979881,0.308588628169502,1
GOPR0286,3.52706527087075,202.085954088061,3.24600274536234,0.44448519926618,0.700234547147695,1.60435960175314,2
GOPR0286,0.825798687119781,47.3147794994078,0.637356303586295,0.496777470699668,0.686965450604385,3.12295109270348,3
GOPR0286,2.58189089086997,147.931451210121,2.71880766867034,0.308977445377966,0.545355186372707,4.72271475590655,4
GOPR0287,5.17467937038223,296.487288256316,5.07553599035558,0.292163937120921,0.538713947158233,0.141648923125387,1
GOPR0287,2.10455195170151,120.581944598517,2.03139622570148,0.325092417244439,0.632521553281856,1.62486171836685,2
GOPR0287,5.82141502468699,333.542511708611,6.0893548944818,0.308979722829563,0.515048766927784,2.99874175086343,3
GOPR0287,1.82463366076355,104.543807919256,1.65178241623386,0.377987894641396,0.511699423517898,4.76568807568716,4
GOPR0288,5.41290149395236,310.136410523528,5.51484763850691,0.305666510689675,0.556959008523091,0.0962248412918805,1
GOPR0288,2.53043073833604,144.983001656828,2.71276798224053,0.319301159509621,0.536698094757871,1.6941298583561,2
GOPR0288,5.24613007531913,300.581112092435,5.39186081640852,0.281189769772095,0.535588855756979,3.15721335073599,3
GOPR0288,1.67599191138581,96.0272630204707,1.44356569817411,0.253623331419432,0.547163753000139,4.6734518122172,4
GOPR0289,6.04528399208283,346.369258704344,6.09453739393398,0.275565101513557,0.525267342581597,0.121527602003874,1
GOPR0289,4.84807962496535,277.774501253882,4.80550976437443,0.364765023730013,0.722492725209734,1.8453005895623,2
GOPR0289,0.382197365464945,21.8982959821604,0.435347053403651,0.546869702255162,0,3.15791773379127,3
GOPR0289,2.35733149874249,135.065145791194,2.41342986574695,0.414057206965672,0.657272724125803,4.73392733528728,4
GOPR0291,0.503383620480059,28.8417569295226,1.12622294768387,0.352262987708507,0.646112588515107,6.25384700223167,1
GOPR0291,6.25143465425938,358.180821590887,6.14019726809434,0.289974599777943,0.532016656145196,0.0412808827584521,1
GOPR0291,3.32357311405839,190.426712338698,3.28226668418283,0.274747616704875,0.633821918171919,1.7992616406346,2
GOPR0291,3.98192888518389,228.14771944227,4.05232446073619,0.326259865417022,0.609463637182199,3.17835221909527,3
GOPR0291,5.16865382723108,296.142050064481,4.90047341965329,0.375698133455495,0.594045794046573,4.77980879453454,4
GOPR0292,4.32208433505788,247.637191098423,4.17222891497577,0.253790015711297,0.562759611179059,0.0421063012750804,1
GOPR0292,5.02528203381455,287.927451400492,5.05251858106729,0.388992843787018,0.630656635079565,1.7253968722261,2
GOPR0292,5.0585267516539,289.832233423791,5.03867271733889,0.331839309038522,0.539883859543341,4.68136213821856,4
GOPR0293,1.46452679262634,83.9112042013203,1.59179208111111,0.467752220298284,0.62063166707584,0.0266715311307872,1
GOPR0293,3.18058959767117,182.234360309771,3.01094108158221,0.257035015176373,0.637983445123334,1.82801684651551,2
GOPR0293,4.8492850106735,277.843564767644,4.96889137719711,0.352958181541507,0.62502257053145,3.16498625246551,3
GOPR0293,0.0652498424998513,3.73854058913483,0.0205797058592267,0.437933475686928,0.631533812179227,4.64713913788484,4
GOPR0294,4.07128277182566,233.267320029933,4.01678438382191,0.284763886176239,0.501935730489676,6.28097933571694,1
GOPR0294,4.80106324126743,275.080660900023,4.65224282061626,0.324481764584593,0.700519273834523,1.67706118968598,2
GOPR0294,2.46273365932302,141.104244744018,2.59492493892899,0.325150098805334,0.534411929269803,1.61597480931042,2
GOPR0294,0.906463865796012,51.9365537912246,0.911248876372326,0.264615328832444,0.554685730989315,3.14794673474112,3
GOPR0294,2.32867323184894,133.423148050033,2.27569606994545,0.264207635273138,0.506521067790638,4.68133220655273,4
GOPR0295,5.29552310540448,303.411124253688,6.06046838159396,0.266400408666952,0.516757535052512,6.27089205208687,1
GOPR0295,5.94279852274476,340.497273849855,5.98219844392345,0.26781818724538,0.505721093297803,1.68788660914162,2
GOPR0295,1.32392489068153,75.8553086283706,1.17241510555201,0.290051818630077,0.527816373237074,3.15127874176121,3
GOPR0295,6.01181318555378,344.45152275333,6.17168088122943,0.274985523032724,0.515688674402467,4.70863284735254,4
GOPR0296,5.30421569045861,303.909172690348,5.21128436095046,0.284004647818814,0.559712844694568,6.25856465924386,1
GOPR0296,1.3904640102485,79.6677193520745,1.42976635940789,0.304510239094085,0.513437256661685,1.61077501391819,2
GOPR0296,5.29937525705481,303.631836285297,5.44037655196847,0.293805220671156,0.522915738016202,3.14919885491648,3
GOPR0296,3.10116796196943,177.683835782035,3.20532750377347,0.279982783245694,0.501641277490004,4.72625949013452,4
GOPR0297,2.7518167727749,157.667487073313,2.57876331242847,0.321926679403214,0.517531764161621,0,1
GOPR0297,0.103392000694035,5.92392527518186,0.130252816635559,0.290017226920433,0.571696304629621,1.69337156236051,2
GOPR0297,2.63376563283108,150.903654987823,2.42693525872742,0.256255006392108,0.526127270826539,3.17784423751135,3
GOPR0297,0.272745607087798,15.6271721668643,0.00925092280295026,0.287329384472046,0.510437810044228,4.96116049548864,4
GOPR0298,3.07428527303279,176.143571164003,2.96623812266741,0.259585689342632,0.501086793310506,0.00438786126466106,1
GOPR0298,2.31085660578762,132.402330571557,2.37681265955871,0.258533614989051,0.539698790423276,1.62138075277666,2
GOPR0298,5.23465135967095,299.923430131563,5.07984137330948,0.333993116138062,0.542602663109212,3.17579718524223,3
GOPR0298,4.09545911268359,234.652522325163,4.09661117522482,0.282279763461594,0.534407722682297,4.76455137399963,4
GOPR0299,0.332965110194096,19.0774955392301,0.298776092151573,0.255514017140088,0.622152659002545,6.27036590414466,1
GOPR0299,3.44405564461879,197.329852844865,3.35248059625507,0.356066265474851,0.588854325745168,1.83826791963524,2
GOPR0299,5.78870144257966,331.668161521106,6.16793120822786,0.352627484800323,0.606876542948236,3.15643027431258,3
GOPR0299,1.76043394452337,100.865435132757,1.799399692181,0.399854901699462,0.531203341485405,4.66899453040084,4
GOPR0301,2.49095988793963,142.721488515321,2.62624829756476,0.304573570673866,0.509983465198952,0.018853392292878,1
GOPR0301,2.84277806041084,162.879184953927,2.66098670150227,0.283678975404989,0.592304322891143,1.86113475085832,2
GOPR0301,3.98385703599499,228.258194346011,4.22571703802703,0.371973852098937,0.606001854852379,3.199104341956,3
GOPR0301,6.00943406176585,344.315209001343,5.78908520025296,0.323624710861275,0.58462077944643,4.84120835224406,4
GOPR0302,5.95836578068582,341.389212028469,6.26960543140457,0.339255194475231,0.541424615150123,0.0194049974306518,1
GOPR0302,6.10087274687957,349.554259742585,5.74004312334748,0.279614918792122,0.587273038613506,1.81834347742422,2
GOPR0302,5.31231035812739,304.372962984331,5.52820930945797,0.275385976463525,0.569328295876851,3.08886218856728,3
GOPR0302,2.66227827598601,152.537309103363,2.80360384645741,0.257238209875894,0.530827868329437,4.77452791794942,4
GOPR0303,4.55395759291823,260.92255015577,4.34867112112608,0.254635061667361,0.516129511070597,6.25727410624192,1
GOPR0303,1.85930630261754,106.530403962059,1.83598827077681,0.252124545015252,0.51679005796952,1.60665960448843,2
GOPR0303,6.24635122166366,357.889562357714,6.17226431302507,0.259617627947125,0.52860461249631,3.09369543064354,3
GOPR0303,5.47014644656918,313.416304706898,5.45248044682802,0.259660545848421,0.531827114978144,4.81512486896775,4
GOPR0304,3.53236024652332,202.389333845577,3.22673581807885,0.30006072304287,0.530927751156808,6.22152906245347,1
GOPR0304,4.70093681157469,269.343839060916,5.0085880282453,0.253947447285362,0.500226948975941,1.78149654574509,2
GOPR0304,1.07578084092881,61.6377018662554,0.700817076213041,0.261784818943644,0.500990424512018,3.14745402588083,3
GOPR0304,0.366900608694798,21.0218563789928,0.737708067213484,0.254277731943379,0.508771387727026,4.71034339586208,4
GOPR0306,4.17576297228096,239.253594558703,4.14907098681011,0.280018195551257,0.50355718811128,6.26022483342922,1
GOPR0306,5.63637139435203,322.940292664638,5.4969826319844,0.251338035062399,0.526116772218437,1.78144711689858,2
GOPR0306,3.27782503206445,187.805540319627,3.23297324238314,0.25937567704255,0.505703983833444,3.10279512640739,3
GOPR0306,1.26500924250487,72.4796906405704,1.18670434969386,0.250052426180482,0.502816464047423,4.90683718034805,4
GOPR0307,1.19158276057767,68.2726631216483,1.18991417636688,0.258179536686368,0.54050812165998,0.0158516999630935,1
GOPR0307,5.55663759754916,318.37188262328,5.70191061426887,0.25826184442827,0.561667343071853,1.68101041150039,2
GOPR0307,4.20488589557824,240.92221515072,4.5754147209367,0.287944155835641,0.522859264481238,3.11561674429101,3
GOPR0307,5.62730583116589,322.420874155163,0.0343811102514273,0.274618706282701,0.508242153326025,4.64080778529376,4
GOPR0308,4.69517115464052,269.013491252468,4.5255278526946,0.262743426022579,0.521379460801238,6.25977509524238,1
GOPR0308,0.0434739644313364,2.49087468061744,0.38982934968787,0.261788009191955,0.51581507803003,1.80062206303471,2
GOPR0308,4.33069749003404,248.130688526849,4.88048501550688,0.261533857612969,0.546482314675702,3.0748888386894,3
GOPR0308,5.16470508753496,295.915803945498,5.10334932434408,0.253850880523504,0.505756824383384,4.76241874240942,4
GOPR0310,4.4496332320409,254.945204577099,4.52883567124562,0.292420281782457,0.5479420328127,6.24986500065225,1
GOPR0310,0.433776206135567,24.8535458647648,0.466270429588002,0.250243138448095,0.521437995484391,1.75063307974151,2
GOPR0310,1.47678450205554,84.6135192181112,1.21610138925984,0.280202136066377,0.514650339367603,3.15798296959176,3
GOPR0310,4.9493833591186,283.578777669778,5.01086247654072,0.294956970348352,0.516490683454727,4.77365905879897,4
GOPR0311,2.62910271955371,150.636489736794,2.53766946822086,0.283708032370683,0.521104917996273,6.27680153230155,1
GOPR0311,3.05251147900013,174.896024661944,2.79611115206635,0.266929532879009,0.518969185327502,1.69211139528869,2
GOPR0311,4.41447648037637,252.930871085332,4.68179291500924,0.269568680682513,0.545546333150764,3.13044176149848,3
GOPR0311,0.439827317932173,25.2002490320721,0.905135782857618,0.289524052764777,0.574733301267901,4.6706109264736,4
GOPR0312,3.1237735435786,178.979040201679,3.44983806207816,0.270412735217308,0.504116329654713,0.00881034472077591,1
GOPR0312,0.683833439778414,39.1807699892166,0.766954011557585,0.259915080741471,0.503614551977294,1.8192249515916,2
GOPR0312,4.38738871205246,251.378856283944,4.64367032181712,0.268991857902153,0.513814866803774,3.14726367029962,3
GOPR0312,1.50412534159968,86.1800339323347,1.42170824943649,0.256831061690652,0.521955137757724,4.67339438348005,4
GOPR0313,3.10161836665483,177.709642069582,3.2587013395822,0.286803594263585,0.513997241460636,0.039974286934962,1
GOPR0313,4.05224695205236,232.176647897352,4.04883310951273,0.256358590703444,0.512113228433623,2.04639555793661,2
GOPR0313,2.39248489935818,137.079287282005,2.7107061510106,0.306782429023376,0.535287953859692,3.19494896074545,3
GOPR0313,4.3354218929849,248.401376876653,4.20764689203246,0.266184711097827,0.575424328444621,4.73137404088353,4
GOPR0315,4.82889973954756,276.675574767898,4.75202856184527,0.267662001580468,0.508003592156689,0.00221844721639153,1
GOPR0315,2.54714102623835,145.940430628079,2.38682274213059,0.271239906059427,0.540672206871767,1.71148470197866,2
GOPR0315,4.0505434738815,232.079045787669,4.2327064339643,0.264578743771955,0.53911415372007,3.15888337316991,3
GOPR0315,3.08908460990113,176.991510706151,2.99526230778389,0.321612402420203,0.518075452258984,4.65626819768351,4
GOPR0316,1.9952002672303,114.31655459567,2.06693831584496,0.347531200877997,0.50450145640377,0.00222355269147534,1
GOPR0316,5.20269261116797,298.092328723823,5.37882250577427,0.25297576893132,0.507357448114183,1.86123539956012,2
GOPR0316,5.84302511748834,334.780678821014,5.55312103816977,0.272065303497343,0.509702351927832,3.17367070979105,3
GOPR0316,0.750182137802467,42.9822703621829,0.590242092515139,0.251870986302803,0.504695068468854,4.73164581169157,4
GOPR3991,3.80015827896456,217.733030866368,3.67347281792387,0.255397483897929,0.507685091224481,6.25476599194598,1
GOPR3991,3.17779862822244,182.074449539608,2.99374569163581,0.272954177530159,0.530023528485547,1.72928118532442,2
GOPR3991,2.74986413762774,157.555609320451,2.79060101208808,0.296134489230891,0.528424027479525,3.14350707644483,3
GOPR3991,0.463094345068964,26.5333514888266,0.352378506309302,0.250053320005718,0.522656027740407,4.70611278086333,4
GOPR3991,2.56207754733265,146.79623024739,2.22434744023801,0.252436695312165,0.501806287179786,0.00854454652038328,1
GOPR3991,2.91378639178504,166.947662651935,2.61743532213067,0.258935512850273,0.502750015087391,1.69564103726725,2
GOPR3991,4.76905391048687,273.246661341259,4.61060748220109,0.26564101706647,0.577474555803776,3.11582364184025,3
GOPR3991,4.12788620406448,236.510457803173,4.16186648544211,0.275170087574078,0.50496505473799,4.704326264555,4
GOPR3991,1.76292135439203,101.00795322015,2.03730473745735,0.250983171568549,0.511968738384979,0.0265050334924473,1
GOPR3991,0.577071011010849,33.0637334102691,0.488552081300881,0.282180573778533,0.5003131721196,1.74764027753992,2
GOPR3991,5.69675109037996,326.399794415322,5.97215048277676,0.263526542414484,0.506405101892582,3.13561900899504,3
GOPR3991,5.50279122723967,315.286712862448,5.10659693661164,0.25950820167936,0.518750810169673,4.78549497786726,4
GOPR3993,0.937357094562298,53.7066054150649,0.972577685737132,0.269236338452556,0.521241727999091,0,1
GOPR3993,0.218482092840865,12.518101818967,0.184751416787974,0.25115159990805,0.543019552743107,1.80684731086947,2
GOPR3993,0.10214839621435,5.85267198711235,6.22445727505457,0.289631011224536,0.629281995717534,3.15446565243267,3
GOPR3993,3.03099818916515,173.663403950958,3.1501548700062,0.252209462774852,0.53273955252126,4.75415906992122,4
GOPR3993,6.02317675953889,345.102607582862,5.70983001916641,0.285681201376852,0.5741997566704,0.154890970991739,1
GOPR3993,3.30839571439044,189.557111393741,3.15835367079835,0.26666338777433,0.517841780198384,1.84626090567656,2
GOPR3993,3.11002675697579,178.191407347472,2.994345839448,0.264490634004105,0.522058411300929,3.13956054909169,3
GOPR3993,1.72707912503924,98.9543447498952,1.56893234866332,0.262668368929044,0.525991319482038,4.68235071593995,4
GOPR3995,0.127066900996493,7.28039714290571,6.05004093122758,0.250601577194704,0.511578910390812,0.0703286588533871,1
GOPR3995,6.05903456151023,347.157108298436,6.02403734609252,0.267037586747766,0.504609870514647,1.63791729649252,2
GOPR3995,2.33988918252903,134.06577468723,2.18631784096989,0.268077367804654,0.504926074867492,3.12530081613515,3
GOPR3995,3.32360714034575,190.428661901356,3.01340341685562,0.27278245996395,0.520089892843195,4.70417561271792,4
GOPR3995,3.83070205928183,219.483060568922,3.52834625662417,0.269180592734888,0.517413221910767,0.171148605416182,1
GOPR3995,0.349708636832893,20.036828949798,0.211400240236435,0.251073889238064,0.513877806091923,1.76536817490798,2
GOPR3995,5.92899404656749,339.706335626509,0.0372441822230996,0.251398065726731,0.506245706232855,3.13956425880574,3
GOPR3995,2.96700342773578,169.996774210109,2.8281924795,0.262150346538335,0.507783891294177,4.74049402784514,4
GOPR3996,5.94517997038135,340.633720748563,5.93579943502316,0.265055218900966,0.50783380831373,0.00220363463971807,1
GOPR3996,0.800691696694162,45.8762549117445,0.808961673188739,0.275950220352251,0.544630302339568,1.68092375945216,2
GOPR3996,2.27088886956553,130.11234796934,2.34295965403702,0.271097346255914,0.536071304195257,1.66727010197748,2
GOPR3996,2.59857380042221,148.887311517463,3.11825022619827,0.259791694167225,0.508174348981449,0.0148416403802658,1
GOPR3996,3.4684775932217,198.729127427297,3.16574002938474,0.2597080878614,0.503498853694382,1.65801534059104,2
GOPR3996,1.23326462707031,70.6608581539041,1.16923532443411,0.265007854552603,0.505342822307433,4.69408650551412,4
GOPR3996,0.792921641414577,45.4310635376409,0.32289323290388,0.256069911121323,0.503352917447308,3.1494216063344,3
GOPR3997,0.0318887320297987,1.82708975933111,6.20410901928328,0.387877893708747,0.544625947479765,0.0209066278090286,1
GOPR3997,4.32163506954775,247.611450080812,4.22107851495917,0.261226803788363,0.547588340793506,1.8784090057434,2
GOPR3997,2.56865226617858,147.172933888747,2.39427268859988,0.273077102031147,0.510786581981556,3.18082484936175,3
GOPR3997,5.59573918676029,320.612238657332,5.81737885899402,0.251724217381406,0.511730332932573,4.70817847895079,4
GOPR3998,2.45810563180517,140.839078299775,5.67635750528612,0.573545377706505,0,0.0143139507539916,1
GOPR3998,3.50147232596821,200.619586359834,3.51228569378664,0.353654566553624,0.515078501636668,1.7362835282318,2
GOPR3998,5.16467881733412,295.914298773863,5.0760007051203,0.264659632863886,0.500154113415635,3.06485990585935,3
GOPR3998,2.07854970848439,119.092125804303,2.28912178067319,0.254612530391163,0.514338482534683,4.65246537053837,4
GOPR3999,3.85357878668154,220.793800497997,3.77042887936173,0.302830243635243,0.52316273109408,0.00428363804525356,1
GOPR3999,2.85014574845023,163.301322383353,3.14293372274083,0.282878751528218,0.52563671344266,1.86224323193446,2
GOPR3999,1.99534126527061,114.324633188299,1.96819349461565,0.251991615678852,0.5163320493728,3.03406194668638,3
GOPR3999,4.65132563472492,266.501328010747,4.44951836351904,0.259813618924641,0.504744513518793,4.66048678250711,4
GOPR4000,6.26583346968028,359.005812944493,0.0326065582226416,0.270648664729963,0.540901779264921,0.0173518374993011,1
GOPR4000,5.59026289376346,320.298470181237,5.57835553162889,0.302629253472328,0.509145649262413,1.85396081228664,2
GOPR4000,3.2497061918984,186.194449453309,3.34572794018422,0.289426416836028,0.507927407135668,3.14939070482057,3
GOPR4000,6.0277513156691,345.364710342268,6.01941430957885,0.255903680834606,0.528776483725551,4.77056871485628,4
GOPR4001,4.80527243541042,275.321829959568,4.64027296772987,0.315913770737915,0.526642513767863,0.0110792105377122,1
GOPR4001,6.08579285935714,348.690245832017,0.162409753207644,0.368461686817394,0.514380893187088,1.9202672501532,2
GOPR4001,1.37862549300029,78.9894222780592,1.57509764132938,0.315637327030738,0.595079777743252,3.12306494292914,3
GOPR4001,2.42543411618515,138.967138344452,2.75558669212137,0.297299546341939,0.543623169891243,4.72240471083458,4
GOPR4003,1.99605176197108,114.365341650594,2.05449790545821,0.307044820349497,0.522152245619272,0.106800028012167,1
GOPR4003,0.00331033766710482,0.189668377088289,6.23187049147605,0.296662252498278,0.501759282681816,1.86165106250166,2
GOPR4003,0.374146403526146,21.4370098420468,0.595912546582818,0.279645783651026,0.529259430840625,3.18491045816981,3
GOPR4003,0.16230946050797,9.29964706215197,0.0783302668431922,0.320099039719654,0.528478923516257,4.7185226811537,4
GOPR4005,1.61096383566821,92.3014287319951,1.62642333371043,0.256506342199018,0.503638483078037,0.114151267052807,1
GOPR4005,3.25719004610854,186.623242714041,4.06863286421998,0.265750098461192,0.508490634718413,1.86797466088705,2
GOPR4005,4.28405024183605,245.457998079206,4.19284275937735,0.265604867626675,0.507341600129939,3.16135222368689,3
GOPR4005,3.19177481358163,182.875225974383,3.39215869683499,0.261828888617481,0.51327960925873,4.76831090813472,4
GOPR4006,1.67048685317342,95.7118464189268,1.68796960863423,0.274929095189059,0.502802992905977,0.112896333778864,1
GOPR4006,0.154431742973875,8.84828709525215,0.102146934380217,0.261529093768129,0.523317506088516,1.66857798925664,2
GOPR4006,0.0619464930841713,3.54927260935936,0.0988939775413238,0.270142668217424,0.517819694769203,3.33484610514894,3
GOPR4006,0.836845425068645,47.9477109612648,0.96990357350762,0.256660730234383,0.532610676865787,4.72364273954168,4
GOPR4007,6.06329863511373,347.40142171945,6.25329092306531,0.262600831304196,0.51315919933088,0.0406722969290683,1
GOPR4007,0.594848589056363,34.0823136022415,0.619988171880194,0.316035495528578,0.508771353817492,1.79086703427693,2
GOPR4007,3.35367183949029,192.151242274669,3.36098416787419,0.279641609377481,0.531079853278718,3.18924768896275,3
GOPR4007,2.41443326230117,138.33683584586,2.40835853412093,0.269618119635391,0.51676928874589,4.74042628963686,4
GOPR4008,0.163952278012816,9.39377357168986,0.0899889170782395,0.252244698644293,0.537738586167465,0.0473130436635105,1
GOPR4008,4.72540613413765,270.745827971317,4.73079478644,0.250532952884005,0.553302526432237,1.78783468654018,2
GOPR4008,1.19546485611115,68.4950908113834,1.46215995390974,0.25485507548994,0.517457395200298,3.18879722709456,3
GOPR4008,4.47228314187838,256.242948817139,4.5829786394372,0.269145308976276,0.528073762863739,4.68148707710181,4
GOPR4011,0.834891454703362,47.8357567060404,1.05197383760373,0.258252758087156,0.51564617319591,6.28080353229573,1
GOPR4011,3.14335224186283,180.100816981726,2.85088817380868,0.309732721504261,0.505434682153274,1.77436194488548,2
GOPR4011,0.401589259409007,23.0093696619205,0.059086315629671,0.270681194769777,0.528577674553933,3.26230985149886,3
GOPR4011,3.19759924817944,183.208941494887,3.44280868490628,0.259555141784998,0.528262235193637,4.80620791648511,4
GOPR4012,0.00216320541279514,0.123942540373017,6.16066712618253,0.26621310146135,0.50608057622735,0.0769898673119813,1
GOPR4012,5.64645959498943,323.518303984042,5.7037270789318,0.257134998281702,0.53070917948114,1.59510375839412,2
GOPR4012,0.884960039432497,50.704475297213,0.494409161693824,0.31207094186208,0.555358352600784,3.11040136306332,3
GOPR4012,0.262979109659834,15.0675930836165,0.171563690354148,0.301826308041216,0.545070927060599,4.82983971917739,4
GOPR4013,0.63336783619078,36.289303893065,0.255263925755968,0.268692027382702,0.503460000201012,6.27634632613938,1
GOPR4013,0.0996730114778624,5.71084288904053,6.18478412997616,0.267497975582104,0.508644494059138,1.70731155879732,2
GOPR4013,3.25098292420833,186.267600826236,3.26508834271576,0.265502007491322,0.500178194716206,3.15477788629362,3
GOPR4013,0.283910695770553,16.2668846262754,0.0335821993327627,0.269322761718612,0.509078884219641,4.82910267148346,4
GOPR4014,1.67385640889557,95.9049077406405,1.79903236845541,0.266614404003273,0.561709072284683,0.0728795433518514,1
GOPR4014,0.00124986118417605,0.0716117708305107,0.261279158893944,0.26030956523883,0.516128235252843,1.77547424161798,2
GOPR4014,4.34577249293722,248.994422569349,4.46030213562651,0.284276071661382,0.502617050700614,3.16167027660332,3
GOPR4014,3.83225883541532,219.572257271018,4.04489537728957,0.263522186207991,0.51150878232773,4.77855730411785,4
GOPR4015,0.943872987452983,54.0799385774604,1.06119109120423,0.264493364538729,0.543767866815673,0.0536922930772652,1
GOPR4015,1.40486639715756,80.492915336878,1.10876709003082,0.253649954544774,0.501499294290256,1.75339138014617,2
GOPR4015,0.109129393024327,6.25265364111834,6.17069940338429,0.259742074686538,0.508140476844472,3.17226312414533,3
GOPR4015,0.163320406875359,9.35757002231747,0.0986335070827913,0.25395635324408,0.50827972571637,4.68560957814832,4
GOPR4016,2.3683053017097,135.693898386423,2.27342835037008,0.308649943650261,0.518948116944167,0.0786105158405948,1
GOPR4016,0.374580695302673,21.461892927919,0.202164463986531,0.262598018368372,0.50403036333574,1.71306524556568,2
GOPR4016,2.84764427668419,163.157998608588,2.86863525412815,0.253203817964757,0.503290446098635,3.14159265358979,3
GOPR4016,1.1686023460101,66.9559823554652,1.24777147951606,0.255541567233996,0.519845594994208,4.75260288289402,4
GOPR4017,2.51423464381502,144.055033796179,2.76554717638436,0.255294485753956,0.516708029226738,0.119873653311551,1
GOPR4017,6.19667265582606,355.043190202956,0.0500546084982498,0.262184270563706,0.569090839592614,1.66480202592187,2
GOPR4017,0.809943151281012,46.406324213928,0.361718803433443,0.262332978746131,0.525525065723728,3.14159265358979,3
GOPR4017,5.03257034695148,288.345040983008,5.1821031781982,0.317584984232743,0.501760506523133,4.79376681968319,4
GOPR4019,6.16438365661209,353.193166823295,6.116055218285,0.259018037053254,0.519261456618804,0.0223070206658336,1
GOPR4019,0.059347654160553,3.40037010740171,0.0476336246630757,0.266657943353548,0.60504264845746,1.72415955696494,2
GOPR4019,0.275091478348222,15.7615806893676,0.160722473922363,0.321041328284878,0.560963293409003,3.29054017292837,3
GOPR4019,5.86532290964876,336.058248204266,5.9130310478491,0.250928777284722,0.540672370515956,4.80860785552103,4
GOPR4020,6.11486724147009,350.35608521904,6.00924776173359,0.301942636480409,0.540189317700663,0,1
GOPR4020,5.94975393890686,340.8957898407,5.96869417741043,0.284084379045127,0.538502502261877,1.63789882920153,2
GOPR4020,0.000235930378011294,0.0135178149189733,6.18209741222117,0.254492943153781,0.51072870394677,3.13295355966414,3
GOPR4020,5.76348949434108,330.223623293733,5.7208128653823,0.260116531673232,0.533059950487347,4.85016598767154,4
GOPR4021,5.7722730084302,330.726881580333,5.84623403618138,0.275946790622865,0.509526541849982,0.0118519612816559,1
GOPR4021,3.09406338143038,177.276773301937,2.87942153588744,0.277641260530683,0.532484291881942,1.63613748021312,2
GOPR4021,2.73617907991393,156.771513271057,2.51537602762996,0.276915291830128,0.50431287191484,3.14589637606199,3
GOPR4021,6.1417623849016,351.897063427065,5.92520598330734,0.292106002300068,0.53391031549082,4.76416518634119,4
GOPR4022,0.130956232115279,7.50323940114104,6.26223360839104,0.267336324938941,0.561461651527052,6.2668772914678,1
GOPR4022,0.727324365137539,41.672616459413,0.512941474668811,0.256178780883826,0.523624012601695,1.54703969247181,2
GOPR4022,4.04101191564746,231.532927728675,4.06925937735604,0.262877386921416,0.515455529667423,3.15745788051191,3
GOPR4022,3.04905499363212,174.697982638408,3.02312733294207,0.267830706751461,0.559622270632031,4.75931796401904,4
GOPR4023,5.54254299622681,317.56432145359,5.2212410170009,0.280253134100484,0.501954670648888,6.27540796615627,1
GOPR4023,4.12136702986433,236.136936635594,3.94631080695063,0.306137794595383,0.551182242579653,1.59286142619798,2
GOPR4023,5.94586243954237,340.672823351138,5.95678916754061,0.266780818496855,0.531088055125764,3.12005597391805,3
GOPR4023,6.2647209476036,358.942070124884,6.21213700442856,0.25946516965928,0.523047875371199,4.70569027221594,4
